,variant,minor_allele,minor_AF,expected_case_minor_AC,low_confidence_variant,n_complete_samples,AC,ytx,beta,se,tstat,pval,chr,position,chromosome:start,name,A2
1,1:17412501:A:G,G,0.319354,386.419,FALSE,361141,230664,371.714,-8.45E-05,0.000103767,-0.814401,0.415416,1,17412501,1:17412501,rs2076616,A
2,1:17672730:G:A,A,0.344216,416.501,FALSE,361141,248621,430.439,7.68E-05,0.000101338,0.757575,0.448706,1,17672730,1:17672730,rs2301888,G
3,1:38278579:C:T,T,0.263269,318.556,FALSE,361141,190155,330.996,0.000101013,0.000109186,0.925146,0.354891,1,38278579,1:38278579,rs28411352,C
4,1:154425456:G:A,A,0.410059,496.172,FALSE,361141,296178,516,0.000109795,9.78E-05,1.12272,0.261557,1,154425456,1:154425456,rs12126142,G
5,1:157669278:C:T,T,0.459657,556.185,FALSE,361141,332002,542,-7.64E-05,9.67E-05,-0.790321,0.429341,1,157669278,1:157669278,rs3761959,C
6,1:173166247:A:G,A,0.31544,381.682,FALSE,361141,494446,809.741,-0.000118827,0.000104762,-1.13425,0.256689,1,173166247,1:173166247,rs1234313,A
7,1:173299743:C:T,T,0.0746869,90.3711,FALSE,361141,53945,91,-7.12E-06,0.000183039,-0.0389213,0.968953,1,173299743,1:173299743,rs61828284,C
8,1:186632317:C:T,T,0.199338,241.199,FALSE,361141,143978,240,8.65E-07,0.000120408,0.00718571,0.994267,1,186632317,1:186632317,rs10911902,C
9,2:30445322:A:G,A,0.355688,430.383,FALSE,361141,465375,778.275,-5.51E-06,0.000100412,-0.0548614,0.956249,2,30445322,2:30445322,rs1355208,A
10,2:61092858:C:T,T,0.368901,446.371,FALSE,361141,266451,454.212,4.02E-05,1.00E-04,0.401643,0.687947,2,61092858,2:61092858,rs12466919,C
11,2:65598300:T:A,A,0.334096,404.256,FALSE,361141,241311,377.627,-0.000155043,0.000102004,-1.51998,0.128518,2,65598300,2:65598300,rs1858037,T
12,2:74219615:T:A,A,0.0197107,23.85,TRUE,361141,14236.7,25.0824,7.71E-05,0.000351875,0.219086,0.826584,2,74219615,2:74219615,rs28421442,T
13,2:100760172:T:C,T,0.485204,587.097,FALSE,361141,371828,647,0.000138344,9.63E-05,1.43627,0.150926,2,100760172,2:100760172,rs11123811,T
14,2:191943742:C:T,T,0.223563,270.511,FALSE,361141,161476,277.396,4.68E-05,0.000115716,0.404122,0.686123,2,191943742,2:191943742,rs11889341,C
15,2:204738919:G:A,A,0.450114,544.638,FALSE,361141,325109,546,-8.94E-06,9.68E-05,-0.0923028,0.926458,2,204738919,2:204738919,rs3087243,G
16,3:27764623:A:G,G,0.453646,548.911,FALSE,361141,327660,563.722,7.29E-05,9.69E-05,0.752907,0.451506,3,27764623,3:27764623,rs3806624,A
17,4:26111593:G:A,A,0.312749,378.426,FALSE,361141,225893,409.8,0.000205531,0.000103899,1.97817,0.0479102,4,26111593,4:26111593,rs34046593,G
18,5:10704797:T:C,C,0.346832,419.667,FALSE,361141,250511,429.078,4.51E-05,0.000101346,0.444767,0.656488,5,10704797,5:10704797,rs2918392,T
19,5:55444683:G:A,A,0.375457,454.303,FALSE,361141,271186,421,-0.000202116,9.94E-05,-2.0342,0.0419325,5,55444683,5:55444683,rs7731626,G
20,5:102603701:A:G,G,0.324214,392.298,FALSE,361141,234174,380.043,-6.77E-05,0.000102924,-0.657439,0.510899,5,102603701,5:102603701,rs403214,A
21,5:133423890:T:G,T,0.12286,148.66,FALSE,361141,633543,1065.98,7.26E-05,0.00014673,0.495034,0.620577,5,133423890,5:133423890,rs244685,T
22,6:382537:G:A,A,0.259657,314.185,FALSE,361141,187546,327.608,4.42E-05,0.000110973,0.397911,0.690696,6,382537,6:382537,rs9405192,G
23,6:14107197:C:T,T,0.053342,64.5438,FALSE,361141,38528,64.1176,9.14E-06,0.000214297,0.0426623,0.965971,6,14107197,6:14107197,rs12530098,C
24,6:29506431:C:G,G,0.00970324,11.7409,TRUE,361141,7008.47,10,-0.00022789,0.000490228,-0.464866,0.642028,6,29506431,6:29506431,rs3025669,C
25,6:29748691:A:G,G,0.321065,388.489,FALSE,361141,231899,393.639,6.10E-05,0.000103698,0.588139,0.55644,6,29748691,6:29748691,rs1611236,A
26,6:29931663:T:C,C,0.0380759,46.0718,FALSE,361141,27501.5,34.8078,-0.000477106,0.000259175,-1.84086,0.0656423,6,29931663,6:29931663,rs11754264,T
27,6:30775277:C:T,T,0.117164,141.769,FALSE,361141,84625.6,142,-3.98E-05,0.000149675,-0.266129,0.79014,6,30775277,6:30775277,rs112733823,C
28,6:31868765:G:A,A,0.0296463,35.872,FALSE,361141,21413,33,-0.000136983,0.000284057,-0.482238,0.629637,6,31868765,6:31868765,rs114508013,G
29,6:32179319:G:A,A,0.0106554,12.893,TRUE,361141,7696.19,12,-0.000116323,0.000469575,-0.247719,0.804352,6,32179319,6:32179319,rs71565312,G
30,6:32268953:G:A,A,0.0334744,40.504,FALSE,361141,24177.9,39.0196,-9.60E-05,0.000268113,-0.358226,0.720175,6,32268953,6:32268953,rs146305655,G
31,6:32450089:G:T,T,0.475594,575.468,FALSE,361141,343513,597.102,0.000119978,9.65E-05,1.24333,0.213749,6,32450089,6:32450089,rs5020946,G
32,6:32586794:T:G,G,0.429929,520.214,FALSE,361141,310530,518.337,-1.79E-05,9.74E-05,-0.183621,0.854311,6,32586794,6:32586794,rs9271365,T
33,6:44233921:C:T,T,0.0431341,52.1923,FALSE,361141,31155,45,-0.000207534,0.000236538,-0.877383,0.380279,6,44233921,6:44233921,rs2233424,C
34,6:44284508:C:T,T,0.0193447,23.4071,TRUE,361141,13972.4,25.3176,0.000159191,0.000356942,0.445985,0.655608,6,44284508,6:44284508,rs76153210,C
35,6:106676470:C:T,T,0.202173,244.629,FALSE,361141,146026,261.914,0.00013982,0.000119954,1.16562,0.243771,6,106676470,6:106676470,rs62422878,C
36,6:138230389:G:A,A,0.0314971,38.1115,FALSE,361141,22749.8,38.5059,3.28E-05,0.000276772,0.118462,0.905702,6,138230389,6:138230389,rs7749323,G
37,6:159489791:G:A,G,0.397291,480.723,FALSE,361141,435326,742.071,5.65E-05,9.86E-05,0.572924,0.566697,6,159489791,6:159489791,rs212389,G
38,6:167540842:C:T,C,0.436746,528.462,FALSE,361141,406829,697.427,0.000101721,9.72E-05,1.04677,0.295205,6,167540842,6:167540842,rs1571878,C
39,7:74016979:A:C,C,0.0276992,33.5161,FALSE,361141,20006.7,27.4118,-0.000277115,0.000300211,-0.923067,0.355973,7,74016979,7:74016979,rs4717901,A
40,7:74126034:C:T,T,0.00991579,11.9981,TRUE,361141,7162,13,0.000156436,0.00048601,0.321879,0.747545,7,74126034,7:74126034,rs117026326,C
41,7:92239144:A:G,G,0.244321,295.629,FALSE,361141,176469,299.333,1.79E-05,0.00011238,0.159261,0.873464,7,92239144,7:92239144,rs42034,A
42,7:128576086:T:C,C,0.454104,549.466,FALSE,361141,327991,545.157,-1.23E-05,9.68E-05,-0.126724,0.899159,7,128576086,7:128576086,rs3757387,T
43,8:11348961:G:A,A,0.252699,305.766,FALSE,361141,182520,315.855,6.30E-05,0.000110574,0.569461,0.569044,8,11348961,8:11348961,rs9693589,G
44,9:34710338:G:A,A,0.345211,417.705,FALSE,361141,249340,405.071,-6.55E-05,0.000101291,-0.646747,0.517796,9,34710338,9:34710338,rs11574914,G
45,10:6100725:G:A,A,0.301565,364.893,FALSE,361141,217815,367.098,1.86E-05,0.00010493,0.177673,0.85898,10,6100725,10:6100725,rs3134883,G
46,10:6517167:T:C,C,0.186501,225.667,FALSE,361141,134707,216.396,-9.52E-05,0.00012366,-0.770208,0.441177,10,6517167,10:6517167,rs502919,T
47,10:8095340:G:A,G,0.426878,516.522,FALSE,361141,413956,721.224,0.000162262,9.81E-05,1.65485,0.097955,10,8095340,10:8095340,rs2275806,G
48,10:31411355:C:T,C,0.476493,576.557,FALSE,361141,378119,591.435,-0.000247892,9.66E-05,-2.56622,0.0102819,10,31411355,10:31411355,rs1538981,C
49,10:63779871:C:T,T,0.193431,234.051,FALSE,361141,139711,235.357,3.76E-06,0.000122967,0.0305994,0.975589,10,63779871,10:63779871,rs71508903,C
50,10:64036881:G:C,C,0.222684,269.447,FALSE,361141,160841,263.059,-5.08E-05,0.000115918,-0.438278,0.661185,10,64036881,10:64036881,rs6479800,G
51,11:9752741:C:T,C,0.428671,518.692,FALSE,361141,412660,682.875,-5.29E-05,9.74E-05,-0.54275,0.587302,11,9752741,11:9752741,rs9943599,C
52,11:64042997:G:A,A,0.198539,240.233,FALSE,361141,143401,221.071,-0.00017763,0.000120688,-1.47181,0.141073,11,64042997,11:64042997,rs660442,G
53,11:72411787:G:A,A,0.395109,478.081,FALSE,361141,285380,474.137,-9.61E-06,9.86E-05,-0.0974901,0.922337,11,72411787,11:72411787,rs34502849,G
54,11:95311422:T:C,C,0.171983,208.099,FALSE,361141,124220,209,1.53E-05,0.000127596,0.119779,0.904658,11,95311422,11:95311422,rs4409785,T
55,12:24813281:G:A,A,0.176447,213.501,FALSE,361141,127444,216.804,3.59E-05,0.000126292,0.284447,0.776068,12,24813281,12:24813281,rs4963581,G
56,12:56469185:C:T,C,0.464692,562.277,FALSE,361141,386643,671.376,0.000135923,9.85E-05,1.37927,0.167813,12,56469185,12:56469185,rs4622308,C
57,13:40355913:T:C,T,0.352086,426.024,FALSE,361141,467977,775.584,-5.71E-05,0.00010091,-0.566021,0.57138,13,40355913,13:40355913,rs9532434,T
58,14:68760141:C:T,C,0.287007,347.279,FALSE,361141,514982,866.902,4.91E-05,0.000106624,0.460326,0.645282,14,68760141,14:68760141,rs1950897,C
59,14:69267695:A:T,A,0.287319,347.656,FALSE,361141,514757,874.984,8.38E-05,0.000106347,0.787759,0.430838,14,69267695,14:69267695,rs1595260,A
60,15:38834033:T:C,C,0.245609,297.187,FALSE,361141,177399,323.012,0.000191219,0.000111836,1.70981,0.0873028,15,38834033,15:38834033,rs8032939,T
61,15:70010647:C:T,T,0.266457,322.413,FALSE,361141,192457,321.416,-5.63E-06,0.000108974,-0.0516428,0.958813,15,70010647,15:70010647,rs7170107,C
62,16:11833886:G:T,G,0.427931,517.796,FALSE,361141,413195,683.765,-7.34E-05,9.78E-05,-0.750809,0.452768,16,11833886,16:11833886,rs7206670,G
63,16:30626616:C:T,T,0.226269,273.785,FALSE,361141,163430,281.314,6.03E-05,0.000115548,0.522136,0.601576,16,30626616,16:30626616,rs12918327,C
64,16:86016401:C:G,G,0.238817,288.969,FALSE,361141,172493,285.98,-6.88E-06,0.000113767,-0.0604767,0.951776,16,86016401,16:86016401,rs9927316,C
65,17:38067020:C:T,T,0.470492,569.296,FALSE,361141,339828,591.302,0.000132926,9.65E-05,1.3775,0.168357,17,38067020,17:38067020,rs4795400,C
66,18:12797694:A:G,G,0.346009,418.671,FALSE,361141,249916,402,-8.59E-05,0.000101169,-0.849056,0.395851,18,12797694,18:12797694,rs2847297,A
67,20:44746982:T:C,T,0.245827,297.451,FALSE,361141,544726,892.082,-0.000161453,0.000111999,-1.44156,0.149429,20,44746982,20:44746982,rs1883832,T
68,20:62484008:C:T,T,0.0707813,85.6454,FALSE,361141,51124.1,68.502,-0.000367274,0.000190826,-1.92465,0.0542735,20,62484008,20:62484008,rs6011186,C
69,21:34775444:T:C,C,0.139453,168.738,FALSE,361141,100724,152.725,-0.000179304,0.000139233,-1.2878,0.197816,21,34775444,21:34775444,rs8126756,T
70,21:43855067:A:C,C,0.301944,365.353,FALSE,361141,218089,362.067,-1.09E-05,0.00010534,-0.103778,0.917346,21,43855067,21:43855067,rs1893592,A
71,21:45707976:T:C,C,0.0284969,34.4813,FALSE,361141,20582.8,34.9059,-8.51E-06,0.000294464,-0.0288975,0.976946,21,45707976,21:45707976,rs2073609,T
72,22:39747780:G:A,A,0.301673,365.024,FALSE,361141,217893,392,0.000188302,0.00010473,1.79797,0.0721826,22,39747780,22:39747780,rs2069235,G
73,X:78466147:T:G,T,0.401394,485.687,FALSE,361141,432362,702.984,-8.58E-05,8.12E-05,-1.05743,0.290317,X,78466147,X:78466147,rs5912815,T
